{"flutter":{"platforms":{"android":{"default":{"projectId":"habit-track-6d4ba","appId":"1:698859470882:android:92596b586fa0369fff4a7b","fileOutput":"android/app/google-services.json"}},"dart":{"lib/firebase_options.dart":{"projectId":"habit-track-6d4ba","configurations":{"android":"1:698859470882:android:92596b586fa0369fff4a7b","ios":"1:698859470882:ios:ff98b6356e168078ff4a7b","macos":"1:698859470882:ios:ff98b6356e168078ff4a7b","web":"1:698859470882:web:581339a702b6f686ff4a7b","windows":"1:698859470882:web:2d920b0097be1afaff4a7b"}}}}}}